"   ","STATIONCODE","CO","NO2","SO2","O3","PM25","PM10","TEMPERATURE","HUMIDITY","RECEIVETIME","PM05N","PM1N","PM25N","PM10N"
"1","XH808A417041902151","1223.97","1223.6","1223.07","1222.03","0","0","21.03","79.77","2017/10/15 18:00:00","0","0","0","0"
"2","XH808A417041902151","1223.97","1223.1","1223.03","1222","0","0","22.27","72.53","2017/10/15 15:00:00","0","0","0","0"
"3","XH808A417041902151","1223.72","1222.76","1222.79","1221.59","0","0","25","60.72","2017/10/14 23:00:00","0","0","0","0"
"4","XH808A417041902151","1223.87","1223.03","1223.16","1221.97","0","0","24","60.81","2017/10/15 1:00:00","0","0","0","0"
"5","XH808A417041902151","1224.07","1223.72","1223.24","1222.07","0","0","20.14","83.76","2017/10/15 23:00:00","0","0","0","0"
"6","XH808A417041902151","1223.93","1223.23","1223","1221.9","0","0","21.6","77.97","2017/10/15 21:00:00","0","0","0","0"
"7","XH808A417041902151","1223.9","1223","1223","1221.9","0","0","23","62","2017/10/15 7:00:00","0","0","0","0"
"8","XH808A417041902151","1224","1223.45","1223.03","1222","0","0","21","81.66","2017/10/15 17:00:00","0","0","0","0"
"9","XH808A417041902151","1224.21","1223.5","1223.43","1222.21","0","0","26.86","56.86","2017/10/14 12:00:00","0","0","0","0"
"10","XH808A417041902151","1223.73","1222.9","1223","1221.73","0","0","24","64.3","2017/10/15 11:00:00","0","0","0","0"
"11","XH808A417041902151","1223.9","1223","1223","1221.9","0","0","23","70.69","2017/10/15 13:00:00","0","0","0","0"
"12","XH808A417041902151","1223.7","1222.8","1223","1221.77","0","0","24.77","62.3","2017/10/15 10:00:00","0","0","0","0"
"13","XH808A417041902151","1223.1","1222.43","1222.53","1221","0","0","26.77","61.13","2017/10/14 18:00:00","0","0","0","0"
"14","XH808A417041902151","1223.17","1222.52","1222.69","1221.34","0","0","26","60.79","2017/10/14 19:00:00","0","0","0","0"
"15","XH808A417041902151","1223.69","1222.86","1222.97","1221.55","0","0","24.31","60.62","2017/10/15 9:00:00","0","0","0","0"
"16","XH808A417041902151","1223.07","1222.13","1222.3","1221","0","0","28","56.57","2017/10/14 14:00:00","0","0","0","0"
"17","XH808A417041902151","1223.97","1223.07","1223","1221.93","0","0","23","69.8","2017/10/15 14:00:00","0","0","0","0"
"18","XH808A417041902151","1223.53","1222.8","1223","1221.6","0","0","25","60.3","2017/10/15","0","0","0","0"
"19","XH808A417041902151","1224.03","1223.7","1223.2","1222.03","0","0","21","82.67","2017/10/15 22:00:00","0","0","0","0"
"20","XH808A417041902151","1224.1","1223.8","1223.37","1222.03","0","0","20","83.9","2017/10/16 5:00:00","0","0","0","0"
"21","XH808A417041902151","1224","1223.5","1223.13","1221.97","0","0","21.03","78.23","2017/10/15 19:00:00","0","0","0","0"
"22","XH808A417041902151","1223.17","1222.24","1222.55","1221.21","0","0","27","60.03","2017/10/14 17:00:00","0","0","0","0"
"23","XH808A417041902151","1227.33","1226","1225.33","1224.67","0","0","25","50","2017/10/11 17:00:00","0","0","0","0"
"24","XH808A417041902151","1224","1223.3","1223.03","1221.93","0","0","21.2","79.87","2017/10/15 16:00:00","0","0","0","0"
"25","XH808A417041902151","1223.83","1222.87","1222.9","1221.7","0","0","23.77","67.17","2017/10/15 12:00:00","0","0","0","0"
"26","XH808A417041902151","1223.86","1222.86","1223","1221.86","0","0","23.07","61.28","2017/10/15 4:00:00","0","0","0","0"
"27","XH808A417041902151","1223.33","1222.47","1222.63","1221.27","0","0","27.33","58.13","2017/10/14 15:00:00","0","0","0","0"
"28","XH808A417041902151","1224.1","1223.77","1223.17","1222.03","0","0","20.17","83.53","2017/10/16 3:00:00","0","0","0","0"
"29","XH808A417041902151","1224.1","1223.77","1223.27","1222.13","0","0","20","84.07","2017/10/16 1:00:00","0","0","0","0"
"30","XH808A417041902151","1223.97","1223.45","1223.03","1221.93","0","0","20","84","2017/10/16 2:00:00","0","0","0","0"
"31","XH808A417041902151","1223.53","1222.67","1222.97","1221.57","0","0","25","61.47","2017/10/14 21:00:00","0","0","0","0"
"32","XH808A417041902151","1223.97","1223.1","1223","1221.9","0","0","23","62","2017/10/15 6:00:00","0","0","0","0"
"33","XH808A417041902151","1223.83","1223","1223","1221.93","0","0","23.13","61.87","2017/10/15 8:00:00","0","0","0","0"
"34","XH808A417041902151","1223.43","1222.73","1222.9","1221.43","0","0","25","61.07","2017/10/14 22:00:00","0","0","0","0"
"35","XH808A417041902151","1224.03","1223.77","1223.4","1221.97","0","0","20","84.9","2017/10/16 7:00:00","0","0","0","0"
"36","XH808A417041902151","1223.97","1223.73","1223.23","1221.9","0","0","20","84.1","2017/10/16","0","0","0","0"
"37","XH808A417041902151","1224.17","1223.83","1223.47","1222.17","0","0","20.5","82.63","2017/10/16 6:00:00","0","0","0","0"
"38","XH808A417041902151","1224","1223.67","1223.13","1221.97","0","0","20","87.1","2017/10/16 8:00:00","0","0","0","0"
"39","XH808A417041902151","1224.1","1223.67","1223.23","1222.07","0","0","20","88.77","2017/10/16 9:00:00","0","0","0","0"
"40","XH808A417041902151","1223.7","1222.87","1222.83","1221.9","0","0","24","61.1","2017/10/15 2:00:00","0","0","0","0"
"41","XH808A417041902151","1223.93","1223.07","1222.97","1221.97","0","0","23","61.87","2017/10/15 5:00:00","0","0","0","0"
"42","XH808A417041902151","1224.03","1223.41","1223.07","1221.97","0","0","21.97","76.62","2017/10/15 20:00:00","0","0","0","0"
"43","XH808A417041902151","1223.37","1222.57","1222.67","1221.43","0","0","25.6","60.43","2017/10/14 20:00:00","0","0","0","0"
"44","XH808A417041902151","1223.23","1222.3","1222.63","1221.27","0","0","27.63","58.87","2017/10/14 16:00:00","0","0","0","0"
"45","XH808A417041902151","1222.76","1221.97","1222.07","1220.79","0","0","27.62","55.83","2017/10/14 13:00:00","0","0","0","0"
"46","XH808A417041902151","1224.14","1223.69","1223.14","1222.07","0","0","21","82.79","2017/10/16 4:00:00","0","0","0","0"
"47","XH808A417041902151","1223.9","1222.93","1223","1221.8","0","0","23","61.83","2017/10/15 3:00:00","0","0","0","0"
"48","XH808A417041902151","283.86","1417.31","439.41","1819.66","24.21","35.59","40.86","12.34","2017/6/9 15:00:00","2754.14","996.48","166.83","12.97"
"49","XH808A417041902151","405.83","791.9","934.73","949.13","112.5","130.4","21.57","60","2017/6/7 8:00:00","10630.6","5223.4","1019.53","61.17"
"50","XH808A417041902151","410","872.9","818.55","1060.24","94.24","112.76","23.79","52.24","2017/6/7 9:00:00","8934.48","4323.07","851.31","54.66"
"51","XH808A417041902151","377.1","976.07","757.53","1211.23","48.73","61.4","25.6","42.9","2017/6/8","4912.93","2204.7","427.4","32.1"
"52","XH808A417041902151","382.83","974.1","762.13","1196.4","56.63","71.1","24.7","46.07","2017/6/8 1:00:00","5444.8","2520.47","514.53","39.93"
"53","XH808A417041902151","392.47","1333.5","428.2","1698.97","41.97","61.03","33.07","25.87","2017/6/9 20:00:00","4272.97","1750.73","341.03","34.77"
"54","XH808A417041902151","398.73","814","835.7","999.17","68.87","85.97","23","51.17","2017/6/8 3:00:00","6559.9","3095.53","647.63","52.07"
"55","XH808A417041902151","392.63","844.1","748.13","1008.3","35.93","46.73","24.27","54.43","2017/6/9 1:00:00","3583.7","1599.8","340.33","32.87"
"56","XH808A417041902151","349.6","975.27","583.77","1252.77","21.77","30.8","27.7","34","2017/6/8 22:00:00","2336.5","955.13","201.3","25.17"
"57","XH808A417041902151","415.8","749.43","823.73","963.1","74.7","93.27","22.2","53.67","2017/6/8 4:00:00","7011.17","3323.27","696.8","55.33"
"58","XH808A417041902151","319.5","1245.37","681.13","1612.4","23.63","36.27","40","12.53","2017/6/8 13:00:00","2487.57","956.33","181.67","17.73"
"59","XH808A417041902151","381.53","1297.13","1004","1688.2","71.8","103.13","39.2","17","2017/6/8 12:00:00","7159.97","2909.4","495.93","32.93"
"60","XH808A417041902151","392.5","873","754.2","1056.23","9.83","18.67","24.73","27.27","2017/6/10 8:00:00","946.4","400.37","135.23","32.37"
"61","XH808A417041902151","314.93","1161.87","477.9","1497.43","16.97","23.73","31.57","24.5","2017/6/8 20:00:00","1951.8","750.23","144.4","15.03"
"62","XH808A417041902151","393.5","795.4","816.47","981.63","13.3","21.73","22.23","39.6","2017/6/10 6:00:00","1342.63","580.13","163.83","30.57"
"63","XH808A417041902151","364.07","1021.13","575.97","1258.23","22","29.13","26.27","38.93","2017/6/8 23:00:00","2378.43","985.93","200.63","20.53"
"64","XH808A417041902151","369.23","1330.93","709.97","1640.83","35.47","53","39.27","16.87","2017/6/9 12:00:00","3711.77","1443.03","266.07","24"
"65","XH808A417041902151","396.77","913.62","704.5","1089.58","11.35","22","25.46","28","2017/6/10 9:00:00","1114.65","475.27","150.46","35.08"
"66","XH808A417041902151","440.53","1073.5","1048.3","1447.67","71.43","99.23","31.83","26.57","2017/6/8 10:00:00","6756.6","2989.83","581.43","46.87"
"67","XH808A417041902151","466.4","843.33","1011.13","994.1","68.9","94.83","28.73","43.77","2017/6/9 8:00:00","6527.8","2958.53","599.73","55.8"
"68","XH808A417041902151","437.9","936.97","766.83","1128.1","86.83","108.73","26.4","43.9","2017/6/7 10:00:00","8043.43","3839.8","752.67","48.6"
"69","XH808A417041902151","442.4","1061.13","661.2","1273.03","67.9","89.37","31.27","31.97","2017/6/7 11:00:00","6225.47","2867.7","566.03","39.5"
"70","XH808A417041902151","431.7","719","873.77","868.07","56.67","68.77","21.07","69.67","2017/6/9 6:00:00","5641.8","2632.27","523.53","40.67"
"71","XH808A417041902151","379.13","1204.37","495.93","1469.53","22.63","32","37.2","17.07","2017/6/7 14:00:00","2406.23","922.73","174.63","14.07"
"72","XH808A417041902151","290.2","1202.93","449.27","1598.4","23.47","33.7","35.87","17.83","2017/6/7 19:00:00","2475.2","965.93","190.4","17.13"
"73","XH808A417041902151","283.37","1422.57","400.97","1820.53","21.47","32.33","38.33","16","2017/6/9 17:00:00","2377.7","874.03","164.33","16.53"
"74","XH808A417041902151","440.67","907.2","708.27","1153.57","72.13","98","26.23","42.23","2017/6/10 4:00:00","6628.43","3100.53","670.5","64.63"
"75","XH808A417041902151","466.3","773.9","884.73","1000.73","62.57","88.87","27.93","38.43","2017/6/8 8:00:00","5756.03","2661.3","584.3","63.03"
"76","XH808A417041902151","479.1","947.1","998.57","1166.8","62.63","87.6","30.83","36.9","2017/6/9 9:00:00","5948.23","2645.5","538.9","51.17"
"77","XH808A417041902151","396.03","838.03","786.1","1014.1","40.2","51.7","22.67","63.27","2017/6/9 3:00:00","3913.6","1810.63","394.23","37.53"
"78","XH808A417041902151","491.8","921.7","940.63","1214.67","67.97","95.9","29.67","32.63","2017/6/8 9:00:00","6350.9","2904.37","609.03","61.27"
"79","XH808A417041902151","362.53","1003.47","637.6","1273.9","41.23","53.3","27.03","38.43","2017/6/7 23:00:00","4159.43","1835.33","364.7","27.37"
"80","XH808A417041902151","424.9","1174.93","603.17","1483","54.7","77.17","31.53","29.87","2017/6/9 21:00:00","5403.7","2297.2","454.53","43.87"
"81","XH808A417041902151","444.53","1111.53","659.67","1396.07","66.5","94","30.13","33.6","2017/6/9 22:00:00","6472.07","2834.67","570.03","55.13"
"82","XH808A417041902151","332","1051","532.7","1342.17","19.9","28.8","29.67","28.17","2017/6/8 21:00:00","2156.73","868.2","181.2","22.3"
"83","XH808A417041902151","294.3","1194.77","417.33","1591.87","22.3","32.4","38.53","15.03","2017/6/7 18:00:00","2408.03","916.4","169.47","14.6"
"84","XH808A417041902151","401.07","906.63","707.33","1102.27","28.07","37.3","25.37","46.73","2017/6/9","2968.33","1274.2","259.23","26.8"
"85","XH808A417041902151","312","1129.4","458.67","1499.5","23.53","33.37","32.47","21.67","2017/6/7 20:00:00","2491.57","1012.07","202.7","21.23"
"86","XH808A417041902151","413.13","760.07","801.87","900.23","45.77","57.7","22","66.67","2017/6/9 4:00:00","4477.77","2106.2","449.03","41.13"
"87","XH808A417041902151","308.7","1431.53","444.9","1797.1","24.07","35.53","40.1","14.13","2017/6/9 14:00:00","2696.37","992.53","173.47","15.73"
"88","XH808A417041902151","415.47","1243.37","1410.27","1664.57","98.2","139.17","36.57","21.17","2017/6/8 11:00:00","9870.27","4090.97","700.77","49.3"
"89","XH808A417041902151","426.83","787.03","866.27","971.67","43.67","63.27","23.53","48.67","2017/6/10 5:00:00","4023.3","1890.23","449.17","59.63"
"90","XH808A417041902151","254.37","1386.13","379.3","1860.73","28.13","41.23","39.5","13.7","2017/6/8 17:00:00","2865.57","1126.47","209.43","17.07"
"91","XH808A417041902151","298.23","1268.17","431.2","1657.9","21.7","32.33","33.97","23.63","2017/6/8 19:00:00","2256.47","899.93","187.7","22"
"92","XH808A417041902151","283.97","1174.93","656.07","1558.87","18.33","26.4","40.8","10.13","2017/6/8 14:00:00","2012.8","723.7","132.1","9.03"
"93","XH808A417041902151","360","1234.83","452.9","1530.5","22.4","31.57","38","15.9","2017/6/7 15:00:00","2401.1","913.87","171.33","12.7"
"94","XH808A417041902151","316.03","1256.59","446.52","1582","20.76","29.72","38","14.24","2017/6/7 17:00:00","2269.62","868.45","159.14","13"
"95","XH808A417041902151","436.1","934.17","826.5","1172.77","63.17","87.3","27","39.3","2017/6/10 2:00:00","6111.6","2727.2","571.77","57.8"
"96","XH808A417041902151","338.97","1156.07","439.03","1507.23","21.77","31.23","38.2","14.9","2017/6/7 16:00:00","2358.47","898.07","164.4","12.43"
"97","XH808A417041902151","382.03","1128.8","562.73","1328.5","18.93","26.23","35.37","18.8","2017/6/7 13:00:00","2144.7","815.97","146.43","11.2"
"98","XH808A417041902151","289","1444.67","288.27","1908.03","30","46.47","36.9","21","2017/6/8 18:00:00","3041.33","1232.33","251.77","29.07"
"99","XH808A417041902151","389.6","766.1","773.33","926.2","35.9","46.53","23.17","59.77","2017/6/9 2:00:00","3579.93","1631.57","349.17","33.8"
"100","XH808A417041902151","436.93","722.93","866.67","912.1","96.93","120","21.13","59.83","2017/6/8 6:00:00","9130.3","4385.63","913.07","75.17"
"101","XH808A417041902151","335.9","1414.17","522.1","1778.37","26.73","39.9","40","14.57","2017/6/9 13:00:00","2901.67","1086.27","192.07","16.53"
"102","XH808A417041902151","420.62","759.83","838.24","914.21","53","65.45","21.66","68.66","2017/6/9 5:00:00","5291.38","2489","512.28","44.17"
"103","XH808A417041902151","446.57","767.3","803.83","1003.37","83.77","111.2","23.87","51.17","2017/6/8 7:00:00","7569.07","3630.83","803.27","79.57"
"104","XH808A417041902151","453.27","1017.23","760.57","1285.53","68.73","95.97","29.37","36.23","2017/6/9 23:00:00","6691.2","2938.5","585.23","57.97"
"105","XH808A417041902151","406.67","1239.93","851.6","1546.4","44.73","65.07","36.9","22.8","2017/6/9 11:00:00","4423.63","1823.47","349.67","30.47"
"106","XH808A417041902151","460.2","899.8","837.1","1134.6","79.47","109.13","27.73","40.93","2017/6/10 1:00:00","7533.7","3416.13","700.47","68.57"
"107","XH808A417041902151","307.23","1350.43","411.4","1735.57","25.5","37.43","36.7","18.73","2017/6/9 18:00:00","2800.73","1061.4","198.33","18.87"
"108","XH808A417041902151","244.67","1207.13","613.33","1616.23","16.33","24.3","41.73","9.97","2017/6/8 15:00:00","1860.37","645.8","116.67","9.7"
"109","XH808A417041902151","435.17","1104.47","934.03","1365.83","51.43","72.83","32.93","31.43","2017/6/9 10:00:00","4978.87","2155.57","426.27","38.23"
"110","XH808A417041902151","388.77","833.03","855.87","1022.73","63","80.1","23.93","49.03","2017/6/8 2:00:00","6009.67","2836.6","592.93","50.13"
"111","XH808A417041902151","418.47","877.23","745.9","1151","52.07","73.27","27","37.3","2017/6/10 3:00:00","4889.7","2170.87","483.43","52.33"
"112","XH808A417041902151","232.13","1299.73","498.67","1762.53","20.4","30.67","41.27","11.07","2017/6/8 16:00:00","2194.5","804.37","151.6","13.77"
"113","XH808A417041902151","279.4","1400.4","391.67","1823.8","19.27","28.8","39.73","12.8","2017/6/9 16:00:00","2195.9","780.53","142.43","13.5"
"114","XH808A417041902151","380.57","1086.57","580.2","1268.23","20.4","27.9","33.73","21.7","2017/6/7 12:00:00","2265.47","882.07","166.47","13.37"
"115","XH808A417041902151","425.27","715.23","836.8","901.4","94.7","121","21.73","57.37","2017/6/8 5:00:00","8707.43","4224.33","913.37","80.63"
"116","XH808A417041902151","389","787.03","803.5","981.87","10.13","17","22.83","32.4","2017/6/10 7:00:00","1023.1","420.8","129","25.43"
"117","XH808A417041902151","358.4","1379.77","417.13","1757.33","35","50.73","34.9","22.47","2017/6/9 19:00:00","3661.97","1452.67","277","25.67"
"118","XH808A417041902151","465.57","922.53","885.6","1149.3","82.47","111.93","28.4","39.57","2017/6/10","7776.27","3528.47","712.83","63.4"
"119","XH808A417041902151","353.67","1073.8","536.7","1369.37","35.7","47","28.07","35.6","2017/6/7 22:00:00","3578.2","1555.67","310.77","25.3"
"120","XH808A417041902151","438.87","752.97","956.3","882.47","67.3","85.23","24.23","61.07","2017/6/9 7:00:00","6465.57","3013.6","610.3","49.2"
"121","XH808A417041902151","342.7","1070.2","538.33","1392.2","30.7","43.37","29.67","29.17","2017/6/7 21:00:00","3105","1322.27","275.8","27.97"
"122","XH808A417041902151","1223.41","1222.48","1222.72","1221.38","0","0","24.34","75.59","2017/10/17 15:00:00","0","0","0","0"
"123","XH808A417041902151","1223.9","1222.93","1223","1221.86","0","0","23","72.07","2017/10/20 4:00:00","0","0","0","0"
"124","XH808A417041902151","1223.66","1222.76","1222.83","1221.62","0","0","23.1","70.66","2017/10/20 8:00:00","0","0","0","0"
"125","XH808A417041902151","1223.63","1222.57","1222.9","1221.63","0","0","25","74.07","2017/10/19 3:00:00","0","0","0","0"
"126","XH808A417041902151","1224","1223.3","1223","1221.93","0","0","21","82.73","2017/10/16 23:00:00","0","0","0","0"
"127","XH808A417041902151","1223.97","1223","1223","1221.9","0","0","23.37","70.57","2017/10/20","0","0","0","0"
"128","XH808A417041902151","1223.63","1222.6","1222.87","1221.47","0","0","25.17","72.63","2017/10/19 2:00:00","0","0","0","0"
"129","XH808A417041902151","1223.5","1222.67","1222.83","1221.27","0","0","25.2","73.73","2017/10/17 16:00:00","0","0","0","0"
"130","XH808A417041902151","1223.76","1222.79","1222.93","1221.69","0","0","24.76","74","2017/10/19 4:00:00","0","0","0","0"
"131","XH808A417041902151","1222.43","1221.87","1221.8","1220.47","0","0","30.1","61.77","2017/10/18 12:00:00","0","0","0","0"
"132","XH808A417041902151","1223.79","1222.93","1222.9","1221.69","0","0","24","70.24","2017/10/19 23:00:00","0","0","0","0"
"133","XH808A417041902151","1224.03","1223.66","1223.21","1222.14","0","0","19.9","89.07","2017/10/17 5:00:00","0","0","0","0"
"134","XH808A417041902151","1222.97","1222.21","1222.48","1220.93","0","0","26.76","72.03","2017/10/18 21:00:00","0","0","0","0"
"135","XH808A417041902151","1223.8","1222.9","1222.97","1221.8","0","0","23","77.43","2017/10/17 13:00:00","0","0","0","0"
"136","XH808A417041902151","1223.4","1222.53","1222.8","1221.5","0","0","26","66.73","2017/10/19 19:00:00","0","0","0","0"
"137","XH808A417041902151","1223.48","1222.55","1222.83","1221.48","0","0","26","71.59","2017/10/19 1:00:00","0","0","0","0"
"138","XH808A417041902151","1224","1223.57","1223.2","1222.03","0","0","20","87.87","2017/10/16 20:00:00","0","0","0","0"
"139","XH808A417041902151","1223.38","1222.41","1222.62","1221.38","0","0","25.1","68.69","2017/10/19 10:00:00","0","0","0","0"
"140","XH808A417041902151","1223.43","1222.53","1222.77","1221.3","0","0","25.07","68.6","2017/10/19 20:00:00","0","0","0","0"
"141","XH808A417041902151","1223.9","1223.37","1223.07","1221.9","0","0","21","86.9","2017/10/16 15:00:00","0","0","0","0"
"142","XH808A417041902151","1222.97","1222.03","1222.13","1220.93","0","0","27.73","62.63","2017/10/19 17:00:00","0","0","0","0"
"143","XH808A417041902151","1223.9","1223","1223","1221.9","0","0","22.87","79.63","2017/10/18 6:00:00","0","0","0","0"
"144","XH808A417041902151","1224","1223.63","1223.2","1222","0","0","20","89.07","2017/10/16 12:00:00","0","0","0","0"
"145","XH808A417041902151","1223.73","1222.87","1222.87","1221.57","0","0","24","73.73","2017/10/19 7:00:00","0","0","0","0"
"146","XH808A417041902151","1224","1223.53","1223.13","1222.03","0","0","20","86.93","2017/10/16 21:00:00","0","0","0","0"
"147","XH808A417041902151","1224.03","1223.73","1223.23","1222.07","0","0","20","88.87","2017/10/17 8:00:00","0","0","0","0"
"148","XH808A417041902151","1223.38","1222.34","1222.66","1221.31","0","0","26.69","61.79","2017/10/20 11:00:00","0","0","0","0"
"149","XH808A417041902151","1224","1223.47","1223.17","1222","0","0","21","82.57","2017/10/17 2:00:00","0","0","0","0"
"150","XH808A417041902151","1224.03","1223.73","1223.27","1221.93","0","0","19.17","89.33","2017/10/17 6:00:00","0","0","0","0"
"151","XH808A417041902151","1223.2","1222.4","1222.57","1221.13","0","0","26.27","64.57","2017/10/20 14:00:00","0","0","0","0"
"152","XH808A417041902151","1223.87","1223.03","1223","1221.93","0","0","22.23","79.1","2017/10/17 12:00:00","0","0","0","0"
"153","XH808A417041902151","1223.67","1222.7","1222.87","1221.4","0","0","24.27","71.23","2017/10/19 9:00:00","0","0","0","0"
"154","XH808A417041902151","1223.8","1222.9","1223","1221.83","0","0","24.43","66.77","2017/10/20 9:00:00","0","0","0","0"
"155","XH808A417041902151","1223.83","1222.87","1222.9","1221.7","0","0","24","77.87","2017/10/17 21:00:00","0","0","0","0"
"156","XH808A417041902151","1223.8","1222.93","1222.9","1221.83","0","0","23","71.97","2017/10/20 3:00:00","0","0","0","0"
"157","XH808A417041902151","1222.93","1222.1","1222.47","1220.9","0","0","26.73","64.87","2017/10/19 11:00:00","0","0","0","0"
"158","XH808A417041902151","1223.86","1223.03","1222.93","1221.86","0","0","22.17","80.21","2017/10/18 7:00:00","0","0","0","0"
"159","XH808A417041902151","1223.45","1222.76","1222.97","1221.76","0","0","24","73.97","2017/10/19 6:00:00","0","0","0","0"
"160","XH808A417041902151","1223.24","1222.34","1222.72","1221.31","0","0","26","65.31","2017/10/20 15:00:00","0","0","0","0"
"161","XH808A417041902151","1222.9","1222.07","1222.2","1220.93","0","0","27.77","62.57","2017/10/19 12:00:00","0","0","0","0"
"162","XH808A417041902151","1224.07","1223.53","1223.03","1222","0","0","20","86.57","2017/10/17 4:00:00","0","0","0","0"
"163","XH808A417041902151","1223.83","1223","1223","1221.87","0","0","23","79.13","2017/10/18 5:00:00","0","0","0","0"
"164","XH808A417041902151","1223.37","1222.53","1222.73","1221.23","0","0","26","71.27","2017/10/19","0","0","0","0"
"165","XH808A417041902151","1224","1223.57","1223.17","1222","0","0","20","89.13","2017/10/16 11:00:00","0","0","0","0"
"166","XH808A417041902151","1223.87","1222.87","1222.93","1221.83","0","0","23.07","77.2","2017/10/17 23:00:00","0","0","0","0"
"167","XH808A417041902151","1223.93","1223.03","1223","1221.93","0","0","23","77.17","2017/10/18 2:00:00","0","0","0","0"
"168","XH808A417041902151","1221.97","1221.73","1221.2","1220","0","0","33.07","56.33","2017/10/18 15:00:00","0","0","0","0"
"169","XH808A417041902151","1223.79","1222.9","1222.97","1221.93","0","0","23","78.14","2017/10/18 4:00:00","0","0","0","0"
"170","XH808A417041902151","1224.03","1223.41","1223.17","1222","0","0","20.86","82.41","2017/10/17 3:00:00","0","0","0","0"
"171","XH808A417041902151","1223.7","1222.87","1222.9","1221.77","0","0","24","76.93","2017/10/17 19:00:00","0","0","0","0"
"172","XH808A417041902151","1223.93","1223.33","1223.1","1221.93","0","0","21","86.6","2017/10/16 17:00:00","0","0","0","0"
"173","XH808A417041902151","1224.27","1223.8","1223.37","1222.23","0","0","20","89.43","2017/10/16 10:00:00","0","0","0","0"
"174","XH808A417041902151","1224.13","1223.37","1223.13","1222.1","0","0","21.03","81.87","2017/10/17 11:00:00","0","0","0","0"
"175","XH808A417041902151","1223.86","1222.9","1223","1221.93","0","0","23.83","77.24","2017/10/17 22:00:00","0","0","0","0"
"176","XH808A417041902151","1221.97","1221.66","1221.34","1220.03","0","0","33.14","56.03","2017/10/18 14:00:00","0","0","0","0"
"177","XH808A417041902151","1224.13","1223.83","1223.3","1222.13","0","0","19.87","88.67","2017/10/17 7:00:00","0","0","0","0"
"178","XH808A417041902151","1222.93","1222.03","1222.1","1220.86","0","0","28.86","65.79","2017/10/18 18:00:00","0","0","0","0"
"179","XH808A417041902151","1224","1223.43","1223.1","1222","0","0","21","86.37","2017/10/16 16:00:00","0","0","0","0"
"180","XH808A417041902151","1223.6","1222.8","1222.87","1221.67","0","0","24","73.5","2017/10/19 8:00:00","0","0","0","0"
"181","XH808A417041902151","1224.03","1223.48","1223.1","1222","0","0","20","87.31","2017/10/16 19:00:00","0","0","0","0"
"182","XH808A417041902151","1222.13","1221.77","1221.5","1220.03","0","0","32.27","57.37","2017/10/18 13:00:00","0","0","0","0"
"183","XH808A417041902151","1223.23","1222.47","1222.63","1221.17","0","0","26","72","2017/10/18 22:00:00","0","0","0","0"
"184","XH808A417041902151","1223.93","1223.21","1222.96","1222","0","0","20.89","83.96","2017/10/17 10:00:00","0","0","0","0"
"185","XH808A417041902151","1223.87","1222.93","1222.97","1221.9","0","0","23","77.9","2017/10/18 3:00:00","0","0","0","0"
"186","XH808A417041902151","1223","1222.03","1222.23","1220.97","0","0","27.1","70.03","2017/10/18 20:00:00","0","0","0","0"
"187","XH808A417041902151","1224","1223.6","1223.07","1221.9","0","0","20","88.67","2017/10/16 13:00:00","0","0","0","0"
"188","XH808A417041902151","1223.93","1223.5","1223.07","1221.93","0","0","20","87.23","2017/10/17 9:00:00","0","0","0","0"
"189","XH808A417041902151","1223.62","1222.86","1222.9","1221.62","0","0","23.66","76.48","2017/10/17 14:00:00","0","0","0","0"
"190","XH808A417041902151","1223.77","1222.7","1222.97","1221.73","0","0","24","77.83","2017/10/17 20:00:00","0","0","0","0"
"191","XH808A417041902151","1223.93","1223","1222.93","1221.93","0","0","23","78.97","2017/10/18 8:00:00","0","0","0","0"
"192","XH808A417041902151","1222.93","1222.03","1222.17","1221","0","0","28","69.13","2017/10/18 19:00:00","0","0","0","0"
"193","XH808A417041902151","1223.69","1222.9","1222.9","1221.66","0","0","23","77.55","2017/10/18","0","0","0","0"
"194","XH808A417041902151","1224.03","1223.47","1223.1","1222","0","0","21","83.8","2017/10/17 1:00:00","0","0","0","0"
"195","XH808A417041902151","1223.3","1222.57","1222.83","1221.37","0","0","26","71.53","2017/10/18 23:00:00","0","0","0","0"
"196","XH808A417041902151","1223.13","1222.47","1222.67","1221.17","0","0","26.17","69.13","2017/10/18 10:00:00","0","0","0","0"
"197","XH808A417041902151","1223.83","1222.93","1222.93","1221.77","0","0","23","70.07","2017/10/20 6:00:00","0","0","0","0"
"198","XH808A417041902151","1222.86","1222","1222.24","1220.79","0","0","28.03","60.03","2017/10/20 13:00:00","0","0","0","0"
"199","XH808A417041902151","1223.76","1222.66","1223.03","1221.55","0","0","24.76","75.41","2017/10/17 18:00:00","0","0","0","0"
"200","XH808A417041902151","1222.8","1222.03","1222","1220.63","0","0","28.53","62.7","2017/10/19 14:00:00","0","0","0","0"
"201","XH808A417041902151","1223.17","1222.33","1222.53","1221.17","0","0","26.93","62","2017/10/20 12:00:00","0","0","0","0"
"202","XH808A417041902151","1223.93","1223.03","1223","1221.97","0","0","23","71.97","2017/10/20 1:00:00","0","0","0","0"
"203","XH808A417041902151","1223.93","1223.03","1222.97","1221.93","0","0","23","72.14","2017/10/20 2:00:00","0","0","0","0"
"204","XH808A417041902151","1223.87","1222.93","1222.93","1221.9","0","0","23","70.97","2017/10/20 5:00:00","0","0","0","0"
"205","XH808A417041902151","1223.3","1222.63","1222.67","1221.27","0","0","25.63","74.03","2017/10/17 17:00:00","0","0","0","0"
"206","XH808A417041902151","1223.27","1222.53","1222.77","1221.3","0","0","25.83","62.67","2017/10/20 10:00:00","0","0","0","0"
"207","XH808A417041902151","1222.43","1221.87","1221.93","1220.5","0","0","30","63.23","2017/10/18 17:00:00","0","0","0","0"
"208","XH808A417041902151","1223.73","1223.03","1223","1221.97","0","0","23","70.73","2017/10/20 7:00:00","0","0","0","0"
"209","XH808A417041902151","1223.69","1222.83","1222.9","1221.62","0","0","24.79","69.86","2017/10/19 21:00:00","0","0","0","0"
"210","XH808A417041902151","1222.59","1221.97","1221.93","1220.72","0","0","29.21","59.66","2017/10/19 16:00:00","0","0","0","0"
"211","XH808A417041902151","1223.73","1222.83","1222.9","1221.73","0","0","24.07","73.97","2017/10/19 5:00:00","0","0","0","0"
"212","XH808A417041902151","1222.17","1221.83","1221.47","1220.1","0","0","31.6","59.43","2017/10/18 16:00:00","0","0","0","0"
"213","XH808A417041902151","1223.73","1222.8","1222.97","1221.6","0","0","24","71.17","2017/10/19 22:00:00","0","0","0","0"
"214","XH808A417041902151","1223.9","1223.4","1223.07","1221.9","0","0","20.6","87.33","2017/10/16 18:00:00","0","0","0","0"
"215","XH808A417041902151","1223.6","1222.67","1222.73","1221.47","0","0","24.2","75.2","2017/10/18 9:00:00","0","0","0","0"
"216","XH808A417041902151","1224","1223.45","1223.03","1222","0","0","20.1","88.21","2017/10/16 14:00:00","0","0","0","0"
"217","XH808A417041902151","1223","1222.21","1222.48","1221.03","0","0","26.66","65.62","2017/10/19 18:00:00","0","0","0","0"
"218","XH808A417041902151","1222.97","1221.93","1222.1","1220.69","0","0","29","61.21","2017/10/19 13:00:00","0","0","0","0"
"219","XH808A417041902151","1224.03","1223.47","1223.07","1222","0","0","20.87","84.8","2017/10/16 22:00:00","0","0","0","0"
"220","XH808A417041902151","1224","1223.31","1223","1222","0","0","21","81.21","2017/10/17","0","0","0","0"
"221","XH808A417041902151","1222.63","1221.87","1221.83","1220.5","0","0","29.57","59.53","2017/10/19 15:00:00","0","0","0","0"
"222","XH808A417041902151","1223","1222.03","1222.34","1221.03","0","0","27.45","66.72","2017/10/18 11:00:00","0","0","0","0"
"223","XH808A417041902151","1223.8","1222.93","1223","1221.8","0","0","23","77.2","2017/10/18 1:00:00","0","0","0","0"
"224","XH808A417041902151","188.87","1561.73","1263.47","2013.23","60.43","88.4","38.03","29.77","2017/5/27 17:00:00","6193.5","2465.4","443.17","35.33"
"225","XH808A417041902151","308.7","867.47","962.17","1107.2","41","57.1","28.37","44","2017/5/28","4255","1787.83","359.77","38.57"
"226","XH808A417041902151","241.07","1300.57","1010.83","1656.47","35.93","51.93","33.53","35.7","2017/5/27 20:00:00","3898.53","1525","282.83","28.9"
"227","XH808A417041902151","240","1512.4","1066.23","1939.6","46.67","67.43","35.83","32.73","2017/5/27 19:00:00","4870.57","1942.63","353.37","31.03"
"228","XH808A417041902151","422.37","961.6","1144.43","1290.4","359.07","451.77","28.03","55.13","2017/5/28 9:00:00","28595.97","14996.47","2965.63","171.6"
"229","XH808A417041902151","397.03","855.9","927.87","1143.83","238.8","304.4","26.4","60.73","2017/5/28 3:00:00","20972.4","10377.23","2027.33","145.9"
"230","XH808A417041902151","410.4","890.8","737.37","1110.1","52.4","69.07","23.87","41.73","2017/5/30 8:00:00","5003.53","2329.73","502.6","51.53"
"231","XH808A417041902151","383.67","976.53","739.23","1218.47","42.57","57.97","25","48.57","2017/5/29 7:00:00","4343.23","1927.33","400.2","45.23"
"232","XH808A417041902151","411.43","604.53","856.77","719.17","77.27","90.83","18.3","90.57","2017/5/31 3:00:00","7132","3543.8","737.83","50.77"
"233","XH808A417041902151","351.3","1552.17","741","2092.5","147.87","206.33","36.23","34.5","2017/5/28 14:00:00","13791.8","6083.33","1045.4","64.77"
"234","XH808A417041902151","387.53","1251.67","501.7","1557.03","69.3","90.37","27.13","46.47","2017/5/29 11:00:00","6806.63","3079","611.73","51.17"
"235","XH808A417041902151","404","820.47","718.23","1007.77","33.53","55.87","22","45.83","2017/5/30 3:00:00","2872.47","1398","415","74.63"
"236","XH808A417041902151","393.5","1081.63","695.47","1363.33","92.87","116.1","25","52.97","2017/5/29 4:00:00","9124.83","4190.13","802","57.4"
"237","XH808A417041902151","363.97","1455.83","809.47","1955.97","178.6","241.97","34.17","39.3","2017/5/28 13:00:00","16125.3","7433.57","1334.87","80.4"
"238","XH808A417041902151","411.7","572.97","873.13","729.7","85.2","97.97","18","91.77","2017/5/31 4:00:00","7943.27","3930.33","798.53","50.8"
"239","XH808A417041902151","387.43","930.37","666.53","1108.03","33.57","39.7","19.03","89","2017/5/30 21:00:00","3333.43","1576.97","328.5","24.57"
"240","XH808A417041902151","392.47","1001.93","723.13","1275.93","82.73","103.33","25","52.73","2017/5/29 5:00:00","8173.73","3750.07","721.33","51.87"
"241","XH808A417041902151","407.07","803.2","807.3","948.1","28.83","40.5","22","45.2","2017/5/30 2:00:00","2711.4","1240.27","309.23","39.83"
"242","XH808A417041902151","397.57","1205.77","792.83","1645.67","86.63","119.47","31.37","41.2","2017/5/28 21:00:00","8549.57","3693.23","679.93","55.07"
"243","XH808A417041902151","379","1332.57","472.17","1652.77","58.5","82.17","29.2","41.07","2017/5/29 14:00:00","5680.9","2524.73","518.6","54.5"
"244","XH808A417041902151","408.9","668.67","812.4","846.63","31.93","37.3","19","84.33","2017/5/31 1:00:00","3211.07","1487.73","306","22.4"
"245","XH808A417041902151","410.9","561.03","866.47","712.17","90.7","103.07","18","93.27","2017/5/31 5:00:00","8519.1","4204.23","836.2","51.23"
"246","XH808A417041902151","428.6","1112.87","803.93","1442.23","169.9","217.8","27.93","53.4","2017/5/29 1:00:00","15473.17","7391","1408","95.27"
"247","XH808A417041902151","414.47","731.5","948.7","886.53","88.57","104.97","23.77","68.43","2017/5/31 8:00:00","8620.17","4086","782.43","47.73"
"248","XH808A417041902151","352.23","1489.2","368.4","1816.5","28.4","41.03","33.6","35.43","2017/5/31 18:00:00","2815.87","1171.23","243.13","23.73"
"249","XH808A417041902151","368.77","1106","794.97","1285.13","42.67","56.67","32.7","36.9","2017/5/31 12:00:00","4304.2","1845.2","338.53","23.87"
"250","XH808A417041902151","352.93","1607.57","337.93","1957.5","30.2","42.77","35.47","32.73","2017/5/31 17:00:00","3086.97","1244.1","241.33","20.7"
"251","XH808A417041902151","416.57","585.27","871.33","694.97","104.6","120.93","18","93.7","2017/5/31 6:00:00","9715.83","4817.93","974","63.87"
"252","XH808A417041902151","375.97","1001.13","821.47","1164.83","46","60.33","31.1","40.87","2017/5/31 11:00:00","4566.87","2015.53","383.17","27.03"
"253","XH808A417041902151","398.13","1212.03","600.37","1473.83","51.87","70.23","28.7","47.23","2017/5/31 21:00:00","4877.47","2211.8","462.3","41.27"
"254","XH808A417041902151","256.5","1149.8","1040.9","1453.7","32.17","45.73","31.6","38.37","2017/5/27 21:00:00","3477.83","1383.43","263.87","27.87"
"255","XH808A417041902151","415.17","1097.3","660.37","1321.67","46.27","63.23","27.33","50","2017/5/31 22:00:00","4375.6","1977.83","425.7","44.33"
"256","XH808A417041902151","354.73","1661.67","506.53","2221.03","66.77","95.77","34.9","33.5","2017/5/28 18:00:00","6684.13","2784.1","517.3","45.23"
"257","XH808A417041902151","367.37","1016.17","616.5","1245.07","26.23","44.73","25.07","38.73","2017/5/29 20:00:00","2310.17","1067.03","312.2","57.9"
"258","XH808A417041902151","376.73","907.03","752.47","1098.5","27.8","40.17","23","44.03","2017/5/29 23:00:00","2614.33","1191.47","299.87","40.43"
"259","XH808A417041902151","407.73","932.43","862.37","1163.9","54.1","71.2","25.87","39","2017/5/30 10:00:00","5184.27","2374.5","495.9","44.37"
"260","XH808A417041902151","362","1291","490.13","1608.07","35.53","56.17","29","37.03","2017/5/29 15:00:00","3357.33","1473.8","351.4","52.23"
"261","XH808A417041902151","363.17","1078.93","582.1","1318.3","25.3","44.7","26.13","35.27","2017/5/29 19:00:00","2152.33","997.93","303.77","58.63"
"262","XH808A417041902151","399.57","874.97","808.27","1049.97","27.07","38.6","22.67","45.3","2017/5/30","2555.13","1175.9","294.17","39.33"
"263","XH808A417041902151","336.93","1554.37","734.9","2061.83","114.97","161.8","36.77","32.8","2017/5/28 15:00:00","11126.03","4771.13","819.5","52.73"
"264","XH808A417041902151","388.47","1066.97","724.53","1378.33","103.37","128.1","25.33","53.87","2017/5/29 3:00:00","9999.9","4648.07","885.97","60.4"
"265","XH808A417041902151","356.7","1206.27","507.4","1498.83","26.2","45.63","29.03","33.13","2017/5/29 16:00:00","2433.7","1066.8","290.57","54"
"266","XH808A417041902151","372.47","942.97","702.83","1140.8","26.7","39.27","23.6","44.13","2017/5/29 22:00:00","2498.9","1145.63","288.13","40.57"
"267","XH808A417041902151","414.2","814.07","785.23","1004.37","48.87","66.1","21.73","48.47","2017/5/30 7:00:00","4704.47","2201.63","497.37","57.33"
"268","XH808A417041902151","371.43","963.27","697.27","1178.4","25.67","39.83","24.23","40.17","2017/5/29 21:00:00","2395.17","1092.47","287.93","46"
"269","XH808A417041902151","399.77","1148.5","671.9","1413.33","47.6","65.23","30.23","31.93","2017/5/30 13:00:00","4514.27","1994.47","414.77","37.97"
"270","XH808A417041902151","363.7","1314.83","507.37","1625.17","41.53","58.93","33","29.37","2017/5/30 16:00:00","4196.87","1776.1","345.37","33.27"
"271","XH808A417041902151","394.07","1090.57","1251.53","1483.17","335","429.83","29.8","49.7","2017/5/28 10:00:00","27028.87","13911.07","2696.47","152.03"
"272","XH808A417041902151","381.37","1157.17","521.7","1420.87","59.13","77.07","26.03","53.87","2017/5/30 19:00:00","5805.8","2654.37","526.87","44.8"
"273","XH808A417041902151","398.3","804.03","742.23","966.47","25.43","29.67","19.87","84.33","2017/5/30 22:00:00","2732.13","1236.5","243.57","18.5"
"274","XH808A417041902151","410.1","745.93","771.33","922.53","38.1","58.27","21","51.8","2017/5/30 5:00:00","3423.57","1642.47","439.23","69.33"
"275","XH808A417041902151","409.93","823.6","787.13","994.2","28.73","40.03","22","46","2017/5/30 1:00:00","2758.43","1256.1","304.13","38.23"
"276","XH808A417041902151","398.17","1100.8","748.17","1489.77","127.13","159.03","26.4","54.3","2017/5/29 2:00:00","11998.63","5620.47","1065.3","70.23"
"277","XH808A417041902151","424.17","1234.7","773.37","1648.53","127.9","172.4","30","45.83","2017/5/28 23:00:00","11930.33","5423.77","1056.13","82.07"
"278","XH808A417041902151","277.47","1023.27","1120.87","1297.37","34.73","49.6","30.4","39.93","2017/5/27 22:00:00","3753.33","1505.37","292.23","32.47"
"279","XH808A417041902151","403.83","1055.77","766.7","1307.53","58","80.2","29.13","34.7","2017/5/30 12:00:00","5473.27","2491.7","515.47","47.9"
"280","XH808A417041902151","415.93","730.83","816.53","901.8","46.93","64","20.23","53.7","2017/5/30 6:00:00","4343.23","2082.87","495.97","60.3"
"281","XH808A417041902151","383.93","1328.67","455.9","1657","70.5","94.83","29","43.23","2017/5/29 13:00:00","6843.37","3069.1","607.43","54.3"
"282","XH808A417041902151","338.2","1433.33","511.8","1692.53","28.77","41.33","36.3","30.17","2017/5/31 15:00:00","2983.37","1194.23","231.47","19.97"
"283","XH808A417041902151","414.2","905.73","951.67","1156.97","250.3","317.57","27.83","53.53","2017/5/28 8:00:00","21166.53","10649.2","2072.83","130.47"
"284","XH808A417041902151","418.07","638.43","917.53","746.3","106.73","123.57","20.37","85.2","2017/5/31 7:00:00","10189.4","4985.5","970.73","59.1"
"285","XH808A417041902151","407.73","1025.87","785.73","1264","54.67","73.7","28.27","34.9","2017/5/30 11:00:00","5187.07","2364.9","495.37","47.53"
"286","XH808A417041902151","363.41","1277.41","501.48","1614.14","43.34","59.86","31.28","33.07","2017/5/30 17:00:00","4414.48","1886.79","368.55","33.48"
"287","XH808A417041902151","227.24","1603.66","1174.41","2067.72","55.93","81.28","37.34","29.97","2017/5/27 18:00:00","5761.17","2301.31","414.59","34.66"
"288","XH808A417041902151","380.72","1398","872.34","1862.1","229.31","303.83","33.03","41.72","2017/5/28 12:00:00","20339","9695.14","1756.93","101.28"
"289","XH808A417041902151","340.5","1626.2","656.43","2154.97","122.7","171.07","36.6","35.27","2017/5/28 16:00:00","11933.57","5078.43","866.8","53.07"
"290","XH808A417041902151","367.67","1215.13","510.7","1517.9","42.17","57.13","28.9","38.63","2017/5/30 18:00:00","4257.7","1839.37","365.93","32.97"
"291","XH808A417041902151","410","890.63","804.67","1105.57","48.17","63.3","25","40.33","2017/5/30 9:00:00","4652.37","2134.07","462.53","44.73"
"292","XH808A417041902151","394.23","636.27","855.9","777.2","50.77","58.93","19","88.4","2017/5/31","4950.23","2386.73","474.23","30.23"
"293","XH808A417041902151","382.03","976.47","855.87","1184.5","46.37","58.57","27.67","49","2017/5/31 10:00:00","4765.97","2093.03","383.83","25.4"
"294","XH808A417041902151","372.8","1337.7","450.47","1642.97","44.7","60.87","30.3","43.1","2017/5/31 20:00:00","4256.37","1886.8","390.93","33.57"
"295","XH808A417041902151","390.03","1442.6","600.57","1919.73","82.4","114.43","32.4","39.97","2017/5/28 20:00:00","8217.93","3512.3","640.97","52.47"
"296","XH808A417041902151","356.8","1448.17","401.67","1765.57","34.1","48.07","32.47","37.83","2017/5/31 19:00:00","3298.57","1400.7","290.37","25.8"
"297","XH808A417041902151","417.07","965.7","768.6","1167.73","51.3","69.57","26.6","51.5","2017/5/31 23:00:00","4887.6","2223.43","471.77","46.67"
"298","XH808A417041902151","374.23","1273.57","527.77","1580.6","44.23","63.73","33","28.87","2017/5/30 15:00:00","4373.8","1853.53","369.53","35.83"
"299","XH808A417041902151","401.9","636.07","788.77","783.47","42.77","51.17","19","86.4","2017/5/31 2:00:00","4219","2010.53","410.1","32.23"
"300","XH808A417041902151","340.07","1482.1","439.6","1785.27","30.07","43.37","36.6","30.8","2017/5/31 16:00:00","3112.8","1241.13","238.47","20.03"
"301","XH808A417041902151","403.47","814.6","687.1","1013.67","34.17","54.1","21.63","48.5","2017/5/30 4:00:00","3009.57","1456.07","406.33","68.1"
"302","XH808A417041902151","390.6","752.07","890.07","1028.6","125","161.37","25.13","57.67","2017/5/28 7:00:00","11932.57","5611.4","1104","91.17"
"303","XH808A417041902151","393.97","1223.87","534.23","1528.2","71.8","92.63","26","48.67","2017/5/29 10:00:00","6830.5","3148.93","635.1","50.2"
"304","XH808A417041902151","358.03","849.97","917.07","1134.4","117.27","156.6","27.93","53.2","2017/5/28 1:00:00","11146.6","5147.87","1002.93","87.77"
"305","XH808A417041902151","340.47","1631.93","606.93","2163.1","98.17","137.37","36","35.67","2017/5/28 17:00:00","9684.73","4101.87","705.97","49.4"
"306","XH808A417041902151","387.63","942.03","736.4","1198.83","61.43","78.8","24.3","51.43","2017/5/29 6:00:00","6216.67","2781.17","553.97","49"
"307","XH808A417041902151","358.6","1161.63","528.23","1421","22.93","40.6","27.47","33.7","2017/5/29 18:00:00","2094.07","931.03","265.37","49.1"
"308","XH808A417041902151","410.9","1262.03","690.33","1687.77","107.57","147","30.7","43.07","2017/5/28 22:00:00","10340.1","4603.17","865.27","70"
"309","XH808A417041902151","401","1072.43","645.9","1334.1","53.83","70.53","25.2","49.5","2017/5/29 9:00:00","5373.93","2423.13","498.07","45.63"
"310","XH808A417041902151","390.57","1312.83","472.53","1628.43","74.2","97.87","28.17","44.67","2017/5/29 12:00:00","7248.07","3272.07","639.07","52.9"
"311","XH808A417041902151","387.73","853.43","885.53","1134.83","162.1","210.7","27","57.27","2017/5/28 2:00:00","14772.53","7004.93","1361.97","104.33"
"312","XH808A417041902151","384.1","1251.3","1027.8","1679.37","242.9","319.43","32.2","42.67","2017/5/28 11:00:00","21356.7","10351.7","1893.93","111.23"
"313","XH808A417041902151","377.03","1561.9","497.47","2097.2","73.47","103.63","33","38.1","2017/5/28 19:00:00","7328.17","3094.3","581.63","50.07"
"314","XH808A417041902151","434.5","1241.17","725.37","1632.93","137.73","185.63","29.07","48.47","2017/5/29","12755.67","5902.43","1143.67","91.9"
"315","XH808A417041902151","345.33","1322.7","572.73","1562.63","29.63","42.63","35.53","30.57","2017/5/31 14:00:00","2995.17","1215.2","238.33","20.97"
"316","XH808A417041902151","413.93","842.13","1016.6","1139.7","255.2","317.23","25.5","62.13","2017/5/28 4:00:00","22128.4","11118.43","2151.73","138.07"
"317","XH808A417041902151","402.37","756.37","856.9","1020.67","177.27","220.87","24","64.1","2017/5/28 6:00:00","16283.73","7959.83","1549.77","115.67"
"318","XH808A417041902151","354.43","1193.3","689.1","1419.8","33.23","46.77","33.93","33.17","2017/5/31 13:00:00","3369.63","1398.03","270.37","22.93"
"319","XH808A417041902151","185.8","1519","1318.4","1967.8","66","96.2","38","29.4","2017/5/27 16:00:00","6785.6","2736.4","472.2","38.4"
"320","XH808A417041902151","403.48","843.38","915.17","1050.07","67.86","83.34","25.48","57.66","2017/5/31 9:00:00","6758.76","3097.76","586.17","38.1"
"321","XH808A417041902151","404.43","754.67","782","888.9","46.17","53.7","19.3","87.2","2017/5/30 23:00:00","4534.5","2176.67","445.17","28.87"
"322","XH808A417041902151","418","764.5","901.83","1077.57","264.57","327.5","24.93","63.97","2017/5/28 5:00:00","22893.6","11608.67","2259.87","145.73"
"323","XH808A417041902151","467.93","906.67","682.8","1081.8","40.63","49.8","21.03","81.23","2017/5/30 20:00:00","4029.47","1885.07","389.97","32.67"
"324","XH808A417041902151","298.83","906.77","1079.8","1157.97","38.4","55.23","29.47","41.13","2017/5/27 23:00:00","4068.27","1680.8","335.63","38.5"
"325","XH808A417041902151","390.4","1242.23","595.17","1527.83","46.93","65.57","32.33","28.7","2017/5/30 14:00:00","4487.2","1943.57","399.37","36.1"
"326","XH808A417041902151","391.57","996.13","699.63","1239.57","44.37","60","25","48.47","2017/5/29 8:00:00","4432.17","1969.83","416.5","45.6"
"327","XH808A417041902151","354.83","1181.17","525.53","1450.47","23.3","42.5","28.73","32.17","2017/5/29 17:00:00","2032.83","910.47","274.93","55.87"
"328","XH808A417041902151","384.77","783.17","729.67","944.23","12.7","19.1","19.17","55.27","2017/6/2 22:00:00","1204.27","550.3","162.9","26.8"
"329","XH808A417041902151","402.8","855.03","704.4","1096.1","89.23","120.93","23.3","41.87","2017/6/5 3:00:00","8260.77","3923.4","867.53","93.87"
"330","XH808A417041902151","320.6","1190.93","420.2","1482.47","15.67","21.97","32.13","19.37","2017/6/4 17:00:00","1826.57","680.9","135.5","14.7"
"331","XH808A417041902151","383.8","1071.43","459.73","1292.1","55.6","64.73","25.93","40.93","2017/6/6 17:00:00","5794.87","2600.1","458.27","23.07"
"332","XH808A417041902151","374.43","1082.8","655.2","1366.03","65.37","86.07","29.03","45.2","2017/6/1 22:00:00","6464.87","2889.4","541.4","41.33"
"333","XH808A417041902151","388.6","782.93","711.2","952.4","26.53","29.1","17","68.47","2017/6/6 7:00:00","2839.6","1269.47","244.7","13.8"
"334","XH808A417041902151","387.9","1211.13","420.5","1455.07","59.7","77.4","25.77","50.2","2017/6/2 16:00:00","5732.37","2665.13","556.73","48.97"
"335","XH808A417041902151","381.2","960.87","546.03","1163","49.17","55.4","23.03","47.57","2017/6/6 13:00:00","5158.57","2351.3","426.5","20.57"
"336","XH808A417041902151","383.1","1056.1","490.83","1280.57","58.9","68.23","25","41.67","2017/6/6 18:00:00","6164.23","2778.2","484.5","22.93"
"337","XH808A417041902151","381.97","915.07","583.27","1145.9","18.4","19.73","20.3","54.3","2017/6/6 10:00:00","2157.03","901.67","164.57","9.37"
"338","XH808A417041902151","380.5","1013.2","509.73","1223.93","56.07","63.7","24.47","43.9","2017/6/6 14:00:00","5767.67","2648.87","474.27","22.37"
"339","XH808A417041902151","389.59","772.97","765.34","915.79","59.97","66.31","17.76","72.21","2017/6/7","6159.69","2897.86","543.34","29.59"
"340","XH808A417041902151","418","730.63","873.33","888.8","58.03","77.53","21.43","50.57","2017/6/4 7:00:00","5378","2562.33","595.67","65.9"
"341","XH808A417041902151","386.9","803.8","661.17","988.67","24.4","26.93","16","73.37","2017/6/6 2:00:00","2571.83","1163.83","233.8","15.13"
"342","XH808A417041902151","360.4","877.8","657.73","1052","23","32.3","24.47","32.53","2017/6/3 22:00:00","2371.8","1030.9","228.67","27.37"
"343","XH808A417041902151","395","713.1","748.5","885.07","36.33","57","20.1","50","2017/6/4 6:00:00","3008.63","1486.53","440.2","71.6"
"344","XH808A417041902151","355.87","1000.47","609.73","1224.1","22.7","33.47","27.17","27.67","2017/6/4 21:00:00","2429.33","1000.3","216.47","28.57"
"345","XH808A417041902151","365.83","1006.17","540.27","1257.1","29.93","42.1","26.63","29.27","2017/6/4 22:00:00","3020.43","1287.2","285.4","34.43"
"346","XH808A417041902151","390.17","757.63","670.8","923.4","60.13","66.73","17","75.17","2017/6/7 1:00:00","5873.9","2826.83","551.57","31.83"
"347","XH808A417041902151","384.67","812.83","653.07","980.9","20.7","23.17","16.63","69.53","2017/6/6 5:00:00","2299.33","998.33","192.7","12.6"
"348","XH808A417041902151","406.68","1033.77","609.82","1256.59","63.64","77.09","24.5","52.05","2017/6/1 9:00:00","6168.86","2919.68","580.91","38.32"
"349","XH808A417041902151","377.47","1367.43","445.27","1679.57","64.63","86.57","33.73","35.3","2017/6/1 14:00:00","6475.7","2830.23","494","30.37"
"350","XH808A417041902151","397.37","724.77","893.7","843.6","65.8","80.33","21.2","46.1","2017/6/2 7:00:00","6262.5","3025.87","652.7","53.5"
"351","XH808A417041902151","407.9","888","956.03","1108.57","113.3","142.97","27","44.8","2017/6/5 14:00:00","10983.83","5056.7","944.33","65.73"
"352","XH808A417041902151","388.9","791.13","664.63","979.97","28.8","32.23","16.27","73.63","2017/6/6 1:00:00","2950.2","1355.73","278.87","19.13"
"353","XH808A417041902151","366.87","828.13","635.27","1010.4","21.87","31.3","23.13","35.4","2017/6/4","2205.7","968.83","229.07","30.8"
"354","XH808A417041902151","380.97","1045.17","471.73","1253.8","50.57","58.47","24.5","42.83","2017/6/6 15:00:00","5372.7","2402.57","429.5","21.77"
"355","XH808A417041902151","370.53","798.33","664.7","966.4","24.63","39.63","22","38.67","2017/6/4 2:00:00","2207.37","1020.77","292.37","50.3"
"356","XH808A417041902151","325.8","1215.87","507.77","1471.63","19.83","27.03","34.9","16.47","2017/6/4 15:00:00","2217.33","832.6","154.23","12.2"
"357","XH808A417041902151","330.57","1124.37","495.27","1389.57","13.87","18.7","29.57","22.5","2017/6/4 19:00:00","1659.3","618.27","123.9","12.13"
"358","XH808A417041902151","384.37","718.83","792.93","829.67","16","19.23","17","58.13","2017/6/3 3:00:00","1718.67","749.63","166.67","16.13"
"359","XH808A417041902151","443.4","879.73","797.37","1103.47","95.67","114.53","22.1","57.7","2017/6/5 19:00:00","8969","4319.87","874.1","60.57"
"360","XH808A417041902151","413.77","689.17","1022.67","875.3","107.2","131.33","23","49.8","2017/6/5 7:00:00","10348.77","4847.77","966.8","70.97"
"361","XH808A417041902151","423.73","746","1162.33","949.9","151.27","189.6","26.57","45.17","2017/6/5 11:00:00","14332.4","6740.13","1248.27","83.67"
"362","XH808A417041902151","360.43","1422.93","406.37","1731.27","53.77","74.4","36.17","28.67","2017/6/1 16:00:00","5568.63","2313.97","390.43","25.3"
"363","XH808A417041902151","384.47","788.47","677.77","957.17","19.8","22.13","17","68.67","2017/6/6 6:00:00","2208.37","953.8","183.5","12.7"
"364","XH808A417041902151","384.2","881.27","714.93","1071.5","22.63","27.87","24.13","33.6","2017/6/3 10:00:00","2407.5","1039.23","207.87","17.3"
"365","XH808A417041902151","386.33","805.9","651.7","1004.93","23.97","26.47","17.93","64.3","2017/6/6 9:00:00","2682.7","1179.63","217.9","13.7"
"366","XH808A417041902151","388.5","894.47","715.63","1087.53","17.43","29","22.93","49.17","2017/6/2 19:00:00","1609.9","744.2","218.63","39.47"
"367","XH808A417041902151","344.07","1398.37","448.93","1686.3","51.17","70.43","36.23","28.7","2017/6/1 17:00:00","5237.67","2189.6","376.17","23.7"
"368","XH808A417041902151","369.9","1438.33","404.47","1779.83","54.93","74","34.8","31.47","2017/6/1 15:00:00","5601.3","2375.4","407.77","25.03"
"369","XH808A417041902151","409.1","851.33","787.93","1070.03","77.9","90.77","21","66.6","2017/6/1 5:00:00","7436.57","3633.87","741.93","48.2"
"370","XH808A417041902151","396.17","846.17","661.9","1109.37","67.03","92.37","24.43","38.73","2017/6/5 2:00:00","6312","2897.67","642.1","71.5"
"371","XH808A417041902151","433.23","909.8","748.1","1090.7","81.17","106.17","25","62.93","2017/6/1 2:00:00","7674.27","3621.07","766.23","69.9"
"372","XH808A417041902151","415.3","873.3","821.97","1076.07","96","117.37","21.77","67.6","2017/6/1 4:00:00","8795.3","4381.83","939.63","71.17"
"373","XH808A417041902151","411.8","717.63","1019.9","909.03","104.93","129","23.87","47.37","2017/6/5 8:00:00","10437.93","4827.23","931.6","66.6"
"374","XH808A417041902151","324.57","1066.5","551.7","1276.5","9.47","12.1","31.5","18.5","2017/6/3 18:00:00","1247.17","436.23","83.2","7.73"
"375","XH808A417041902151","353.2","1144.93","498.07","1361.8","28.83","37.83","32.87","18.63","2017/6/3 15:00:00","3040.47","1253.1","226.43","15.03"
"376","XH808A417041902151","420.17","794.37","1064","1032.3","142.33","181.8","27","44.6","2017/6/5 12:00:00","13264.03","6243.67","1190.87","85.9"
"377","XH808A417041902151","435.6","916.77","711.37","1118.03","70.6","96.43","25","60.77","2017/6/1 1:00:00","6641.5","3105.5","681.73","71.83"
"378","XH808A417041902151","406.6","884.57","1077.63","1123.67","111.23","138.27","26.73","45.07","2017/6/5 15:00:00","10872.47","5003.07","924.4","60.07"
"379","XH808A417041902151","358.93","1119.93","613.07","1390.83","55.27","73.47","30.4","42.03","2017/6/1 21:00:00","5581.13","2440.6","457.27","34.03"
"380","XH808A417041902151","412.8","891.5","829","1114","89.03","116.23","24.2","62.1","2017/6/1 3:00:00","8250.2","3988.77","854.4","78.57"
"381","XH808A417041902151","408.37","930.33","701.57","1147.37","59.27","71.7","22.47","57.1","2017/6/1 7:00:00","5838.6","2753.7","556.87","40.67"
"382","XH808A417041902151","383.83","914.13","590.73","1109.17","55.6","62.73","22","50.77","2017/6/6 12:00:00","5757.5","2666.57","493.03","25.8"
"383","XH808A417041902151","371.97","859.7","791.53","1037.07","28.6","35.8","23.87","45.53","2017/6/2 2:00:00","3074.97","1359.07","267","23.03"
"384","XH808A417041902151","420.53","872.47","812.77","1065.77","59.93","80.8","25.8","54.4","2017/6/1","5759.37","2633.5","554.9","54.67"
"385","XH808A417041902151","388.53","762.73","830.8","912.33","25.67","31.97","22","39.57","2017/6/2 4:00:00","2765.77","1227.07","249.63","22.5"
"386","XH808A417041902151","411.3","837.67","790.4","1044.2","41.03","48.83","20","57.23","2017/6/5 20:00:00","4077.63","1892.57","400.17","30.6"
"387","XH808A417041902151","397.4","1099.07","578.07","1340.5","68.6","84.03","26.1","50.47","2017/6/1 10:00:00","6660.23","3117.2","596.63","37.53"
"388","XH808A417041902151","408.43","1000.5","655.27","1233.3","58.23","70.83","24","51.87","2017/6/1 8:00:00","5755.87","2699.17","539.67","38.87"
"389","XH808A417041902151","438.27","944.4","819.5","1134.93","130.73","158.6","23.73","56.3","2017/6/5 18:00:00","11996.83","5838","1182.8","76.8"
"390","XH808A417041902151","385.93","830.77","630.23","1003","24.23","27.47","16","72.73","2017/6/6 3:00:00","2610.3","1171.1","231.43","16.07"
"391","XH808A417041902151","384.9","816.07","648.27","993","22.77","25.07","16","71.33","2017/6/6 4:00:00","2482.83","1100.77","213.7","13.7"
"392","XH808A417041902151","400.57","717.93","851.13","850","35.43","44.93","21.97","42.27","2017/6/2 6:00:00","3615.87","1653.8","356.07","34.83"
"393","XH808A417041902151","436.43","932.37","663.07","1153.47","40.17","55","23","54.77","2017/6/2 18:00:00","3613.77","1747.6","428","46.8"
"394","XH808A417041902151","383.4","926.17","574.4","1130.13","38.43","42.3","21.93","50.07","2017/6/6 11:00:00","4189.67","1870.3","333.53","17.87"
"395","XH808A417041902151","384.5","753.1","758.03","918.2","11.57","15.67","18.5","55.03","2017/6/2 23:00:00","1186.13","522.27","141.97","20.13"
"396","XH808A417041902151","388.4","910.83","850.2","1073.5","40.87","53.1","26.53","31.63","2017/6/2 10:00:00","4161.7","1865.2","376.03","32.07"
"397","XH808A417041902151","412.6","666.13","788.5","791.77","31.53","39.33","16.33","62.9","2017/6/3 5:00:00","3005.8","1428.43","327.57","31.13"
"398","XH808A417041902151","381.73","929.13","653.7","1148.33","43.3","60","26","31.53","2017/6/4 23:00:00","4372.9","1902.43","400.3","44.37"
"399","XH808A417041902151","388.73","840.23","669.93","1015.07","24.47","27","17","70.5","2017/6/6","2554.23","1144.67","229.97","13.43"
"400","XH808A417041902151","413.67","651.6","815.23","766.3","34.1","40.13","16.13","63.13","2017/6/3 6:00:00","3306.97","1554.17","338.43","28.6"
"401","XH808A417041902151","390.57","818.23","705.57","1005.63","25.23","28.73","18.07","65.77","2017/6/5 22:00:00","2679.3","1201.93","240.7","15.87"
"402","XH808A417041902151","388.13","800.63","921.2","948.4","36.1","45.57","24.57","35.07","2017/6/2 9:00:00","3758.2","1671.43","332.3","29.07"
"403","XH808A417041902151","382.9","821.4","728.43","993.7","14.27","21.57","20.3","54.03","2017/6/2 21:00:00","1333.9","617.43","184.77","30.17"
"404","XH808A417041902151","397.47","692.1","777.5","824.77","24.5","30.53","17","60.83","2017/6/3 4:00:00","2392.97","1105.37","258.9","25.63"
"405","XH808A417041902151","390.9","1255.4","502.73","1536.77","81.33","104.4","30.7","42.2","2017/6/1 12:00:00","7793.9","3593.4","664.1","39.8"
"406","XH808A417041902151","383.37","1425.17","366.13","1748.4","66.17","89.7","30.77","31.83","2017/6/2 15:00:00","6258.8","2824.2","567.43","45.67"
"407","XH808A417041902151","383.27","1050.3","744.23","1223.93","45.03","58.77","28.63","28.23","2017/6/2 11:00:00","4429.5","1998.67","406.07","32.17"
"408","XH808A417041902151","386.73","743.87","747.8","894.4","10.77","14.83","17.8","56.47","2017/6/3","1157.67","504.57","129.37","18.43"
"409","XH808A417041902151","385.57","696.47","752","866.23","36.87","54.7","21","45.43","2017/6/4 4:00:00","3268","1571","415.27","59.43"
"410","XH808A417041902151","386.33","1221.93","537.7","1473.2","56.83","75.53","29.27","32.4","2017/6/2 13:00:00","5407.63","2446.1","499.1","40.2"
"411","XH808A417041902151","381.67","1071.83","674.1","1276.8","47.93","63.23","28.47","29.5","2017/6/2 12:00:00","4540.23","2074.67","434.9","35.3"
"412","XH808A417041902151","408.37","733.73","983.13","887.33","68.6","85.33","23.13","45.4","2017/6/4 8:00:00","6795.2","3128.47","637.17","52.13"
"413","XH808A417041902151","333.93","1334.6","496","1633.7","43.3","60.5","35.8","28.23","2017/6/1 18:00:00","4518.57","1852.2","329.27","24.97"
"414","XH808A417041902151","392.67","955.9","932.7","1154.63","36.27","46.83","27.87","30.83","2017/6/4 10:00:00","3531.47","1566.07","326.17","26.2"
"415","XH808A417041902151","393.4","721.93","830.83","858.47","30.6","38","22","40.13","2017/6/2 5:00:00","3166.4","1413.53","298.17","25.87"
"416","XH808A417041902151","373.63","719.23","705.37","869.27","29.63","45.07","21.53","41.93","2017/6/4 3:00:00","2715.97","1251.6","338.83","50.47"
"417","XH808A417041902151","388.23","730.33","734.73","878.2","35.8","56.53","20.53","47.27","2017/6/4 5:00:00","3004.7","1468.9","437.5","72.23"
"418","XH808A417041902151","407.77","1032.03","514.87","1314.4","70.4","85.6","22.8","62.63","2017/6/2 17:00:00","6891.9","3250.57","657.53","47.6"
"419","XH808A417041902151","375.23","1124.07","712.77","1374.67","32.77","44.67","31.83","23.53","2017/6/4 12:00:00","3050.03","1352.73","290.57","24.3"
"420","XH808A417041902151","386.83","746.6","760.13","897.23","10.8","14.03","17.17","57","2017/6/3 1:00:00","1184.03","501.63","123.67","14.87"
"421","XH808A417041902151","357.4","1159.6","646.3","1416.23","27.93","38.57","32.97","19.3","2017/6/4 13:00:00","2737.17","1153.57","237.83","19.67"
"422","XH808A417041902151","330.63","1124.8","586.3","1333.53","15.73","21.3","32.8","19.1","2017/6/3 17:00:00","1815.73","684.87","129.7","10.73"
"423","XH808A417041902151","380.93","979.03","640.45","1161.79","26.24","33.38","27.34","27.34","2017/6/3 11:00:00","2793","1204.07","233.28","18.24"
"424","XH808A417041902151","379.93","866.77","736.8","1101.27","52","67.8","25.23","33.37","2017/6/5","5308.07","2325.13","456.3","39.67"
"425","XH808A417041902151","362.37","1163.37","472.7","1402.9","29.43","38.5","32","20.27","2017/6/3 14:00:00","3053.17","1267.23","237.2","15.93"
"426","XH808A417041902151","389","1274.67","501.8","1592.23","78.13","103.3","32.7","38.07","2017/6/1 13:00:00","7632.97","3428.87","606","36.17"
"427","XH808A417041902151","417.87","685.6","990.67","902.93","117.77","144.4","23","50.03","2017/6/5 6:00:00","11235.53","5309.93","1047.97","78.2"
"428","XH808A417041902151","341.1","1210.37","586.83","1453.03","22.87","31.33","34.23","17.53","2017/6/4 14:00:00","2454.87","964.33","186.57","14.33"
"429","XH808A417041902151","368.07","916.67","785.67","1105.7","32.7","41.2","25.33","46.4","2017/6/2 1:00:00","3477.33","1524.6","294.9","24.6"
"430","XH808A417041902151","379.43","800.23","816.5","968.37","25.73","31.97","22.97","41.3","2017/6/2 3:00:00","2750.5","1209.33","249.97","22.17"
"431","XH808A417041902151","371.43","823.63","641.5","982.7","26.07","39.43","22.77","37.27","2017/6/4 1:00:00","2408.23","1106.97","296.33","43.67"
"432","XH808A417041902151","417.21","727.59","1192.1","947.93","113.41","141.03","25.45","45.03","2017/6/5 9:00:00","11176.59","5159.83","985","69.93"
"433","XH808A417041902151","408.37","766.73","813.7","968.43","96.27","119.63","23","45.43","2017/6/5 4:00:00","9253.4","4344.5","869.27","67.57"
"434","XH808A417041902151","388.3","810.9","792.97","978.8","23.93","29","21.87","40.27","2017/6/3 9:00:00","2541.67","1125","228.47","19.53"
"435","XH808A417041902151","389.3","1035.37","853","1274.97","37.93","50.83","30.23","27.5","2017/6/4 11:00:00","3617.67","1627.33","343.9","28.23"
"436","XH808A417041902151","419.93","725.33","1090.3","918.7","127.27","159.97","26","45.3","2017/6/5 10:00:00","12241.07","5685.87","1082.3","77.07"
"437","XH808A417041902151","371.03","1141.83","524.77","1331.33","30.33","39.17","30.4","22.93","2017/6/3 13:00:00","3180.17","1344.23","251.03","17.47"
"438","XH808A417041902151","403.8","1020.23","802.9","1294.93","79.83","97.73","24.67","47.97","2017/6/5 17:00:00","8070.1","3676.6","692.07","48.2"
"439","XH808A417041902151","341.1","1186.87","566.03","1394.13","22.83","30.87","33","18.17","2017/6/3 16:00:00","2455.33","985.63","186.03","14.27"
"440","XH808A417041902151","364.33","858.43","654.93","1028.9","23.4","32","24","34.07","2017/6/3 23:00:00","2428.9","1046.37","237.13","27.4"
"441","XH808A417041902151","411.2","734.03","866.17","941.57","102.3","127.73","23","48.2","2017/6/5 5:00:00","9803","4619.33","933.43","72.77"
"442","XH808A417041902151","382","851.07","720.57","1016.47","16.07","27.53","21.53","52.4","2017/6/2 20:00:00","1442.7","675.17","213.13","39.67"
"443","XH808A417041902151","385.2","1363.7","441.03","1663.5","61.17","83.1","30.6","32.03","2017/6/2 14:00:00","5943.17","2646.43","522.37","44.2"
"444","XH808A417041902151","343.2","1202.07","537.27","1508.57","46.17","60.8","31.87","36.63","2017/6/1 20:00:00","4798.7","2037.97","363.47","23.77"
"445","XH808A417041902151","390.5","760.67","693.57","938.03","52.33","57.9","18.3","69.5","2017/6/6 23:00:00","5345.07","2512.37","485.13","25.57"
"446","XH808A417041902151","316.73","1208.1","489.33","1483.37","15.4","21.07","33.83","16.9","2017/6/4 16:00:00","1825.87","661.47","125.63","11.57"
"447","XH808A417041902151","402.5","619.37","848.4","774.1","173.13","195.87","15.37","85.63","2017/6/7 6:00:00","14404.57","7671.7","1660.07","97.1"
"448","XH808A417041902151","393.83","712.17","787.23","846.83","85.53","95.2","16","79.37","2017/6/7 3:00:00","7864.4","3930.13","808.83","44.27"
"449","XH808A417041902151","388.83","859.2","635.77","1043.6","54.9","62.1","19.23","64.63","2017/6/6 22:00:00","5551.87","2581.07","505.03","28.47"
"450","XH808A417041902151","384.37","972.2","554.83","1166.1","58.2","66.7","23.03","47.03","2017/6/6 20:00:00","6055.7","2760.33","492.07","26.67"
"451","XH808A417041902151","392.1","720.97","748.1","869.5","73.53","81.23","16.47","77.5","2017/6/7 2:00:00","7036.03","3443.47","678.1","36.67"
"452","XH808A417041902151","381.93","1066.73","453.03","1266.5","45.6","52.47","24.47","42.57","2017/6/6 16:00:00","4942.83","2171.33","374.97","19.1"
"453","XH808A417041902151","394.7","691.23","855.3","813.27","106.77","119.87","16","81.3","2017/6/7 4:00:00","9521.63","4884.13","1019.9","60.2"
"454","XH808A417041902151","409.03","678.33","931.1","827.17","161.97","183.93","17.87","76.5","2017/6/7 7:00:00","14110.87","7279.07","1499.23","87.97"
"455","XH808A417041902151","385.75","755.61","937.71","888.07","43.89","54.14","22.71","39.86","2017/6/2 8:00:00","4445.43","2044.11","418.14","34.89"
"456","XH808A417041902151","399.67","692.57","887.43","831.43","154.23","176.17","16","83.93","2017/6/7 5:00:00","12936.7","6828.97","1493.03","94.13"
"457","XH808A417041902151","340.8","1068.6","561.73","1314.97","17","24.63","28.4","25.23","2017/6/4 20:00:00","1895.93","753.67","160","21.57"
"458","XH808A417041902151","384.47","1045.9","501.13","1263.03","58.57","67.7","24.07","43.47","2017/6/6 19:00:00","6082.93","2758.23","486.47","24.8"
"459","XH808A417041902151","388.97","794.93","676.3","968.43","30.47","33.5","17","67.83","2017/6/6 8:00:00","3245.57","1463.93","281.8","16.13"
"460","XH808A417041902151","382.6","933.57","565.3","1126.57","39.3","44.03","20.77","56.97","2017/6/6 21:00:00","4209.23","1891.07","347.37","20.33"
"461","XH808A417041902151","385","860.23","675.77","1120.1","66.1","87.17","25","35.47","2017/6/5 1:00:00","6409.13","2905.6","600.87","56.13"
"462","XH808A417041902151","404.07","871","743.97","1087.87","61.13","71.63","21","63.63","2017/6/1 6:00:00","6013.53","2887","577.97","38.6"
"463","XH808A417041902151","394.47","1208.07","526.07","1465.67","74.37","93.53","28.97","45.03","2017/6/1 11:00:00","7125.53","3308.97","628.43","39"
"464","XH808A417041902151","342.4","989.57","587.47","1203.33","15.03","19.67","27.57","26.7","2017/6/3 20:00:00","1715.73","671.83","138.2","13.3"
"465","XH808A417041902151","390.47","804.93","684","999.9","31.87","35.47","17.67","70.77","2017/6/5 23:00:00","3281.2","1511.77","297.93","17.4"
"466","XH808A417041902151","381.77","933.83","906.03","1128.93","49.37","63.73","26.77","44.77","2017/6/2","4945.37","2219.93","434.87","34.6"
"467","XH808A417041902151","386.73","732.5","766.57","873.83","12.77","15.9","17","57","2017/6/3 2:00:00","1351.67","590.33","139.27","15.27"
"468","XH808A417041902151","378.83","1066.7","573.57","1251.7","31.9","41.4","28.73","25.5","2017/6/3 12:00:00","3312.7","1419.53","276.67","22.17"
"469","XH808A417041902151","323.07","1139.9","441.53","1403.47","12.17","16.83","30.7","19.9","2017/6/4 18:00:00","1515.63","548.43","105.93","11.9"
"470","XH808A417041902151","375.3","946.73","826.93","1172.37","68","88.17","28.2","44.23","2017/6/1 23:00:00","6680.5","3011.07","577.97","43"
"471","XH808A417041902151","417.03","845.27","1065.13","1108.33","133.3","168.6","27","43.4","2017/6/5 13:00:00","12528.83","5879.13","1128.23","78.1"
"472","XH808A417041902151","396.7","824","743.07","1007.1","36.37","42.37","19","61.2","2017/6/5 21:00:00","3636.87","1677.13","342.93","24.97"
"473","XH808A417041902151","357.37","948.13","628.93","1138.33","31.13","41.5","25.53","32.4","2017/6/3 21:00:00","3106.2","1366.9","296.77","30.37"
"474","XH808A417041902151","327.53","1281.43","531.13","1592.77","39.27","53.37","34.3","30.23","2017/6/1 19:00:00","4099.67","1690.1","304.57","21.53"
"475","XH808A417041902151","390.33","792.9","1053.5","962.6","46.53","59.17","25.8","34.33","2017/6/4 9:00:00","4538.4","2052.97","418.33","34.33"
"476","XH808A417041902151","405.59","918.69","1013.9","1147.69","101.69","124.48","26","47.38","2017/6/5 16:00:00","10080.38","4646","853.83","53.24"
"477","XH808A417041902151","402.63","683","812.63","813.03","34.63","41.1","17.13","60","2017/6/3 7:00:00","3457.13","1598.27","335.83","29.43"
"478","XH808A417041902151","331.27","1070.33","523.1","1281.67","12.5","16.03","29.6","22.33","2017/6/3 19:00:00","1503.67","560.17","108.3","10.03"
"479","XH808A417041902151","401.37","714.2","841","835.73","33.5","40.63","19.67","51.13","2017/6/3 8:00:00","3356.2","1548.63","333","29.47"
